,0
lag_week_mean4,20751468641.05109
lag168,1821388997.1549225
lag336,679846796.6179047
lag672,601595619.061863
lag24,274512564.65148926
station,90305592.2422142
is_holiday,74622999.19521713
dow,44540209.89789963
hour_sin,36474062.25666809
lag_week_std4,35373109.640625
doy_cos,29681635.870796204
hour_cos,28260038.184764862
doy_sin,27521567.52986908
ev_hours_from_start,24842863.89723587
is_school_day,18546022.43098831
dow_sin,18428689.992595673
snow_depth,17690670.608745575
hour,16757044.122192383
lag72,15282516.886390686
lag504,14203483.930412292
scale_weekday,10907796.687908173
wind_speed_10m,10002471.407035828
yesterday_total,9625729.14522171
apparent_temperature,8753050.969524384
lag48,8651417.557193756
temperature_2m,8383752.74193573
month,7664197.6374053955
relative_humidity_2m,7069043.328510284
snowfall,6478313.11882782
dow_cos,6209801.708381653
xmas_week,5334176.337665558
cloud_cover,4820782.031352997
is_day_before_holiday,4018866.340801239
ev_active,3269175.0675964355
precipitation,3071705.671070099
is_day_after_holiday,2906108.5711860657
weather_code,2350991.9785079956
ev_today,2252606.5634231567
latitude,2252062.2907447815
commute_index,2100502.7939834595
is_city_event,1811484.6345977783
od_out_flow,1740948.4628639221
is_weekend,1667902.8260154724
longitude,1396990.6101875305
n_lines,1373761.7951698303
od_in_flow,1031347.0872612
cluster,840735.264793396
rain,595911.5659103394
holiday_shopping_weekend,315385.1496963501
cp_active,213656.91480255127
in_cbd,208103.72723388672
is_dst_double_hour,0.0
regime_student_omny,0.0
