модель,режим,WAPE,разность с выбранной,ДИ низ,ДИ верх,значимо
LightGBM,trained_test,0.0950539372243915,-0.0028924976270374714,-0.007617904889965764,0.001785731360363693,нет
Moirai 2.0 Small,zs_ctx672_test,0.1011817634901277,0.003235328638698756,-5.294316714452334e-06,0.006679292100420885,нет
Chronos-2,graph_ctx336_test,0.1011854897705445,0.003239054919115511,0.0004875008014148412,0.0060336258393017045,да
Chronos-2,cov_ctx336_test,0.1036270899703943,0.00568065511896533,0.0027039743839875107,0.008835765804999033,да
Chronos-2,zs_ctx336_test,0.1040318337748463,0.006085398923417293,0.003688723031749878,0.008457245070043556,да
Chronos-2,peft_lora_ctx672_test,0.1055642965826725,0.007617861731243514,0.003983942724682464,0.01133033550997535,да
Chronos-2,fs5pct_ctx672_test,0.1064345100764813,0.00848807522505235,0.004673098369467411,0.012827846526567762,да
TimesFM 2.5,zs_ctx672_test,0.107762424595979,0.009815989744550002,0.007006631864508375,0.013006261756698759,да
Chronos-Bolt Base,zs_ctx672_test,0.1085426582429847,0.010596223391555679,0.006134185425445015,0.015361155186926085,да
Chronos-2,peft_lora_ctx336_test,0.1155186866661061,0.017572251814677073,0.012813477255334329,0.022588328632454767,да
Chronos-2,zs_ctx168_test,0.1214291980543738,0.023482763202944776,0.01743919518823888,0.03103575570526921,да
Chronos-2,fs5pct_ctx336_test,0.1221891841753085,0.024242749323879514,0.018699918578526813,0.030317356405551023,да
Сезонный наивный,baseline_test,0.1267303994077835,0.0287839645563545,0.021601627225548686,0.036243161553665665,да
Phi-3.5-mini,zs_P2_ctx336_test,0.1536005637965731,0.055654128945144085,0.03704774159566531,0.08294112488917867,да
Lag-Llama,zs_ctx672_test,0.1644732556173857,0.06652682076595669,0.05696376374084461,0.07558467317145921,да
TTM r2,fs5pct_ctx336_test,0.2206935290170374,0.12274709416560838,0.11272240579083655,0.13330509011147723,да
Qwen2.5-3B,fs3_P2_ctx336_test,0.3267176442884809,0.22877120943705187,0.19344585733455216,0.2643765538265037,да
