name,ctx,PEFT (LoRA),few-shot: 3 примера в промпте,few-shot: дообучение на 5% train,zero-shot,ковариаты,соседи по графу
Chronos-2,336.0,0.1155186866661061,,0.1221891841753085,0.1040318337748463,0.1036270899703943,0.1011854897705445
Chronos-2,672.0,0.1055642965826725,,0.1064345100764813,0.097946434851429,,
Chronos-Bolt Base,336.0,,,,0.1115572331240854,,
Chronos-Bolt Base,672.0,,,,0.1085426582429847,,
Lag-Llama,336.0,,,,0.1934208143073766,,
Lag-Llama,672.0,,,,0.1644732556173857,,
Moirai 2.0 Small,336.0,,,,0.1058752381190118,,
Moirai 2.0 Small,672.0,,,,0.1011817634901277,,
Phi-3.5-mini,336.0,,,,0.1536005637965731,,
Qwen2.5-3B,336.0,,0.3267176442884809,,0.8207971712731706,,
Qwen2.5-3B,672.0,,,,0.8177804333086577,,
TTM r2,336.0,,,0.2206935290170374,0.3588666655619372,,
TTM r2,672.0,,,,0.3408377963562429,,
TimesFM 2.5,336.0,,,,0.1114163420136151,,
TimesFM 2.5,672.0,,,,0.107762424595979,,
