вид,station,станция,день,cluster,size,y,yhat,wape,wape_naive,open_hours,special,station_event,weather
абсолютная,624,"Chambers St/WTC/Park Place/Cortlandt St (2,3,A,C,E,R,W)",25.07.2026 Sat,3,Q5 (крупные),37642.0,22431.947631835938,0.4108950182859655,0.45127782795813187,24,обычный,нет,обычная
абсолютная,624,"Chambers St/WTC/Park Place/Cortlandt St (2,3,A,C,E,R,W)",11.09.2026 Fri,3,Q5 (крупные),61876.0,49951.29455566406,0.2044177762183894,0.38654728812463635,24,обычный,нет,обычная
абсолютная,167,"W 4 St-Wash Sq (A,C,E,B,D,F,M)",25.07.2026 Sat,3,Q5 (крупные),44726.0,33797.45001220703,0.24586888772880638,0.3857264231096007,24,обычный,нет,обычная
абсолютная,617,"Atlantic Av-Barclays Ctr (2,3,4,5,B,D,N,Q,R)",19.07.2026 Sun,2,Q5 (крупные),27341.0,19154.311096191406,0.3424653685706391,0.3128634651256355,24,городское событие,нет,обычная
абсолютная,617,"Atlantic Av-Barclays Ctr (2,3,4,5,B,D,N,Q,R)",07.07.2026 Tue,2,Q5 (крупные),35214.0,26783.713317871094,0.24884365123168786,0.2533083432725621,24,обычный,событие у станции,обычная
относительная,305,137 St-City College (1),05.09.2026 Sat,2,Q4,9707.0,5563.238189697266,0.4280079454229631,0.4206242917482229,24,обычный,нет,обычная
относительная,414,"Bowling Green (4,5)",25.07.2026 Sat,3,Q5 (крупные),14445.0,8693.474182128906,0.4000810041523343,0.5237798546209761,24,обычный,нет,обычная
относительная,58,"Coney Island-Stillwell Av (D,F,N,Q)",25.07.2026 Sat,1,Q4,15674.0,10916.115753173828,0.3274631867744005,0.5859384968738037,24,обычный,нет,обычная
относительная,58,"Coney Island-Stillwell Av (D,F,N,Q)",11.09.2026 Fri,1,Q4,11014.0,13241.580871582031,0.28683959894438327,0.4173778826947521,24,обычный,нет,обычная
относительная,124,Montrose Av (L),19.07.2026 Sun,2,Q3,5846.0,4589.986595153809,0.28573712672919716,0.29028395484091685,24,городское событие,нет,обычная
